connection_id,address,pdb_url
vswfzUVkwSOYwoIOiZDC,Empty address,https://www.stroomversnelling/test-pdb/
XZG7Q7tBFvpEzlIJ5Sby,Empty address,https://www.stroomversnelling/test-pdb/
hlpaB9k0r9dWYbUTVJHx,Empty address,https://www.stroomversnelling/test-pdb/
gJCrbDzpf8vDWflxZvF1,Empty address,https://www.stroomversnelling/test-pdb/
gOIUzkXlyGiCc8o8Uur2,Empty address,https://www.stroomversnelling/test-pdb/
tVPTpyK2TSG0xVEvM0O2,Empty address,https://www.stroomversnelling/test-pdb/
mqPotOuFifYCFgCPVA4T,Empty address,https://www.stroomversnelling/test-pdb/
l3tvR7Y0IenDDMxvhXRx,Empty address,https://www.stroomversnelling/test-pdb/
s1FDEl2IQuXD9aXi6Gvm,Empty address,https://www.stroomversnelling/test-pdb/
2ODBaH9iheuwHuAPxthP,Empty address,https://www.stroomversnelling/test-pdb/
gqGffZUJrqbloksyNwZy,Empty address,https://www.stroomversnelling/test-pdb/
eMZL3VmzCsCIv9SRN4wC,Empty address,https://www.stroomversnelling/test-pdb/
KA3MkuTa31Cm73rNxLqb,Empty address,https://www.stroomversnelling/test-pdb/
Mm538qlnyKuh1fV38Dly,Empty address,https://www.stroomversnelling/test-pdb/
TQEVDxwvrnYDDKLbzR3U,Empty address,https://www.stroomversnelling/test-pdb/
RV78ytEjOl1GkEeJz5NJ,Empty address,https://www.stroomversnelling/test-pdb/
VLqXN70HNFMqHSCqEEAo,Empty address,https://www.stroomversnelling/test-pdb/
Ic2SqE4bVlPIX7U6cEJv,Empty address,https://www.stroomversnelling/test-pdb/
YAMNnbsIyHR2BxZasUXu,Empty address,https://www.stroomversnelling/test-pdb/
AF2QwOBK6pIltfptW0ve,Empty address,https://www.stroomversnelling/test-pdb/
vbpUfBTp12VOgeGdRIbz,Empty address,https://www.stroomversnelling/test-pdb/
GJlDgEXbYGXDO2jrAfwO,Empty address,https://www.stroomversnelling/test-pdb/
5ZTWGkLu9QU0cr08gf3a,Empty address,https://www.stroomversnelling/test-pdb/
tCNvwIjAaZn7wadQ45xU,Empty address,https://www.stroomversnelling/test-pdb/
az9nW2qoCnzNvFgZTgRt,Empty address,https://www.stroomversnelling/test-pdb/
dfnLLT5vr8MhtImDeOeW,Empty address,https://www.stroomversnelling/test-pdb/
b1dkewFhWIpoGpXuZeum,Empty address,https://www.stroomversnelling/test-pdb/
PsGcQaKCUU3vMLaUT0qF,Empty address,https://www.stroomversnelling/test-pdb/
fawTlBQUXUv2ilHHFnOS,Empty address,https://www.stroomversnelling/test-pdb/
v14DxnUY4cc38MBbvNDY,Empty address,https://www.stroomversnelling/test-pdb/
47oaQa3JXwSGevWWZHoR,Empty address,https://www.stroomversnelling/test-pdb/
sGxqlI9NehDLBvzDgaua,Empty address,https://www.stroomversnelling/test-pdb/
pjpgAWcZHzJSPm0nlTru,Empty address,https://www.stroomversnelling/test-pdb/
l2TcRDSlHIaSnKF4dSBj,Empty address,https://www.stroomversnelling/test-pdb/
aUYot3URng49UYUySl69,Empty address,https://www.stroomversnelling/test-pdb/
wpWlUQmJzwWRZBMQBmDn,Empty address,https://www.stroomversnelling/test-pdb/
W45N9J7FJeNpDjhbbWZS,Empty address,https://www.stroomversnelling/test-pdb/
07omtkFANuXV6i4UEU5n,Empty address,https://www.stroomversnelling/test-pdb/
rHVLk6Zoikbqcl4J4zvu,Empty address,https://www.stroomversnelling/test-pdb/
VTkhauz8DSdFTpTjjvzL,Empty address,https://www.stroomversnelling/test-pdb/
YhtOJ8bXRGCEkZVRmgQ6,Empty address,https://www.stroomversnelling/test-pdb/
